https://aerenwyn.deviantart.com/,https://aerenwyn.deviantart.com/art/Woods-416960851,https://img00.deviantart.net/8056/i/2013/335/1/1/woods_by_aerenwyn-d6w8x1v.jpg,Forest,trees,landscape,,,
https://aerenwyn.deviantart.com/,https://aerenwyn.deviantart.com/art/Desert-Temple-WIP-289265756,https://img00.deviantart.net/8d8b/i/2012/068/1/8/desert_temple___wip_by_aerenwyn-d4s7yvw.jpg,desert,temple,,,,
https://aerenwyn.deviantart.com/,https://aerenwyn.deviantart.com/art/Ears-200797465,https://img00.deviantart.net/3ffe/i/2011/072/4/2/ears_by_aerenwyn-d3bjsbd.jpg,elf,magic,,,,
https://aerenwyn.deviantart.com/,https://aerenwyn.deviantart.com/art/Commission-Kira-702001657,https://orig00.deviantart.net/fc93/f/2017/243/c/2/c2725d7b5fe099cabca73530f1317938-dblyby1.jpg,Human,magic,sorceror,magician,,
https://aerenwyn.deviantart.com/,https://aerenwyn.deviantart.com/art/Commission-Turald-702001384,https://img00.deviantart.net/9cc3/i/2017/243/a/0/commission___turald_by_aerenwyn-dblybqg.jpg,Dwarf,mace,fighter,,,
https://aerenwyn.deviantart.com/,https://aerenwyn.deviantart.com/art/Flow-697439616,https://img00.deviantart.net/737c/i/2017/219/3/0/flow_by_aerenwyn-dbj8juo.jpg,portrait,,,,,
https://aerenwyn.deviantart.com/,https://aerenwyn.deviantart.com/art/Commission-Kiera-695478134,https://img00.deviantart.net/2f86/i/2017/210/e/5/commission___kiera_by_aerenwyn-dbi2id2.jpg,Human,paladin,female,,,
https://aerenwyn.deviantart.com/,https://aerenwyn.deviantart.com/art/Smrtihlav-691834803,https://img00.deviantart.net/b95d/i/2017/192/5/5/smrtihlav_by_aerenwyn-dbfwf5f.jpg,Human,portrait,magic,,,
https://aerenwyn.deviantart.com/,https://aerenwyn.deviantart.com/art/Commission-Eleniel-689766233,https://img00.deviantart.net/68b2/i/2017/182/3/8/commission___eleniel_by_aerenwyn-dbeo315.jpg,Elf,magic,ice,female,,
https://aerenwyn.deviantart.com/,https://aerenwyn.deviantart.com/art/Commission-Aria-687820153,https://orig00.deviantart.net/512e/f/2017/172/c/b/cb1ac499b3d7f05d581870660e01bd4f-dbdidfd.jpg,Demon,Tiefling,Female,,,
https://aerenwyn.deviantart.com/,https://aerenwyn.deviantart.com/art/Desert-684731952,https://img00.deviantart.net/4de2/i/2017/156/9/4/desert_by_aerenwyn-dbbo6k0.jpg,Desert,landscape,,,,
https://aerenwyn.deviantart.com/,https://aerenwyn.deviantart.com/art/Mountains-675610072,https://img00.deviantart.net/c59a/i/2017/108/d/a/mountains_by_aerenwyn-db68o2g.jpg,Mountain,landscape,,,,
https://aerenwyn.deviantart.com/,https://aerenwyn.deviantart.com/art/Commission-Aeyva-673925516,https://orig00.deviantart.net/fbbb/f/2017/099/9/4/9458aed57e3887e44a6cf739909ddc83-db58k98.jpg,Human,female,redhead,Rogue,,
https://aerenwyn.deviantart.com/,https://aerenwyn.deviantart.com/art/Commission-Asvor-673924866,https://orig00.deviantart.net/42ee/f/2017/099/3/f/3fc53056828ead1eb3bd13d962500ae8-db58jr6.jpg,Human,female,redhead,Paladin,,
https://aerenwyn.deviantart.com/,https://aerenwyn.deviantart.com/art/Commission-Phaernun-669528874,https://img00.deviantart.net/0116/i/2017/076/f/4/commission___phaernun_by_aerenwyn-db2mbsa.jpg,Elf,Ranger,Archer,,,
https://aerenwyn.deviantart.com/,https://aerenwyn.deviantart.com/art/Pathway-657783013,https://img00.deviantart.net/0df7/i/2017/016/1/a/pathway_by_aerenwyn-davmkmd.jpg,Landscape,Cliffs,,,,
https://aerenwyn.deviantart.com/,https://aerenwyn.deviantart.com/art/Commission-Evijan-Von-Moore-657162677,https://orig00.deviantart.net/b8f4/f/2017/013/9/3/936fa32749543122b8af69d63af76c80-dav99yt.jpg,Human,Female,Badass,,,
https://aerenwyn.deviantart.com/,https://aerenwyn.deviantart.com/art/Worn-655405792,https://img00.deviantart.net/77e1/i/2017/004/2/d/worn_by_aerenwyn-dau7mcg.jpg,portrait,,,,,
https://aerenwyn.deviantart.com/,https://aerenwyn.deviantart.com/art/Commission-Fenrir-Maugrim-655361512,https://img00.deviantart.net/00b1/i/2017/004/7/b/commission___fenrir_maugrim_by_aerenwyn-dau6o6g.jpg,Male,Knight,,,,
https://aerenwyn.deviantart.com/,https://aerenwyn.deviantart.com/art/Commission-Cyria-653249878,https://orig00.deviantart.net/e41a/f/2016/360/4/8/48e0229637aff0880982f846aeb7a44a-dasxety.jpg,Female,Elf,,,,
https://aerenwyn.deviantart.com/,https://aerenwyn.deviantart.com/art/Commission-Melandra-647796746,https://orig00.deviantart.net/22e9/f/2016/330/5/1/5144d419f5e9cdd9dc34cad5fe1cd55d-dapoj62.jpg,Female,Elf,,,,
https://aerenwyn.deviantart.com/,https://aerenwyn.deviantart.com/art/Commission-Kali-dreth-643996602,https://orig00.deviantart.net/d427/f/2016/309/5/1/51e75241300cc78449bb6fb2eac08be0-danf2yi.jpg,Female,Night Elf,,,,
https://aerenwyn.deviantart.com/,https://aerenwyn.deviantart.com/art/Commission-Emily-638683953,https://img00.deviantart.net/c403/i/2016/282/a/f/commission___emily_by_aerenwyn-dak97ox.jpg,Female,Human,,,,
https://aerenwyn.deviantart.com/,https://aerenwyn.deviantart.com/art/Assassin-609362151,https://orig00.deviantart.net/05a7/f/2016/137/3/b/assassin_by_aerenwyn-da2squf.jpg,Female,Assassin,,,,
https://aerenwyn.deviantart.com/,https://aerenwyn.deviantart.com/art/Commission-Parthene-589554666,https://img00.deviantart.net/7346/i/2016/039/2/c/commission___parthene_by_aerenwyn-d9r07ai.jpg,Female,Elf,Warrior,fighter,,
https://aerenwyn.deviantart.com/,https://aerenwyn.deviantart.com/art/Commission-Lewes-586849364,https://img00.deviantart.net/da9d/i/2016/026/c/a/commission___lewes_by_aerenwyn-d9pe7v8.jpg,Male,Human,Explorer,Steampunk,,
https://aerenwyn.deviantart.com/,https://aerenwyn.deviantart.com/art/Commission-Isik-580599914,https://img00.deviantart.net/922d/i/2015/362/d/2/commission___isik_by_aerenwyn-d9lo9re.jpg,Male,Drow,,,,
https://aerenwyn.deviantart.com/,https://aerenwyn.deviantart.com/art/Commission-Ryker-570859510,https://img00.deviantart.net/a9b5/i/2015/311/9/a/commission___ryker_by_aerenwyn-d9fvi0m.jpg,Male,Noble,,,,
https://aerenwyn.deviantart.com/,https://aerenwyn.deviantart.com/art/Commission-Shine-564771616,https://img00.deviantart.net/2dd1/i/2015/296/0/3/commission___shine_by_aerenwyn-d9c90kg.jpg,Elf,Female,Bard,Fighter,,
https://aerenwyn.deviantart.com/,https://aerenwyn.deviantart.com/art/Commission-Kano-563446270,https://img00.deviantart.net/7698/i/2015/274/c/c/commission___kano_by_aerenwyn-d9bglxa.jpg,Human,Male,Spear,,,
https://aerenwyn.deviantart.com/,https://aerenwyn.deviantart.com/art/Commission-Shiv-559237952,https://img00.deviantart.net/713b/i/2015/252/6/e/commission___shiv_by_aerenwyn-d98yerk.jpg,Human,Female,Rogue,Steampunk,,
https://aerenwyn.deviantart.com/,https://aerenwyn.deviantart.com/art/Commission-Bella-557616494,https://img00.deviantart.net/ad85/i/2015/244/1/9/commission___bella_by_aerenwyn-d97znn2.jpg,Female,Lich,Magic,Undead,,
https://aerenwyn.deviantart.com/,https://aerenwyn.deviantart.com/art/Commission-Reya-547748993,https://img00.deviantart.net/3f0c/i/2015/201/a/7/commission_reya_by_aerenwyn-d9245tt.jpg,Female,Human,Magic,Sorceror,,
https://aerenwyn.deviantart.com/,https://aerenwyn.deviantart.com/art/Commission-Mairis-544409220,https://img00.deviantart.net/adb9/i/2015/187/1/5/commission___mairis_by_aerenwyn-d904kuc.jpg,Female,Angel,Archangel,,,
https://aerenwyn.deviantart.com/,https://aerenwyn.deviantart.com/art/Red-544279842,https://img00.deviantart.net/4126/i/2015/186/f/2/red_by_aerenwyn-d901t0i.jpg,Female,Redhead,Portrait,,,
https://aerenwyn.deviantart.com/,https://aerenwyn.deviantart.com/art/Commission-Jenn-Ferra-537049547,https://img00.deviantart.net/726c/i/2015/153/0/c/commission___jenn_ferra_by_aerenwyn-d8vqu2z.jpg,Female,Human,Magic,Steampunk,,
https://aerenwyn.deviantart.com/,https://aerenwyn.deviantart.com/art/Commission-Kale-531608251,https://img00.deviantart.net/ae24/i/2015/127/5/3/commission___kale_by_aerenwyn-d8si7jv.jpg,Human,Male,magic,magician,,
https://aerenwyn.deviantart.com/,https://aerenwyn.deviantart.com/art/Commission-Nova-528688168,https://img00.deviantart.net/c616/i/2015/113/7/6/commission___nova_by_aerenwyn-d8qrmeg.jpg,Female,Human,Scifi,Post apocaliptic,,
https://aerenwyn.deviantart.com/,https://aerenwyn.deviantart.com/art/Commission-Korva-525312042,https://img00.deviantart.net/58a4/i/2015/101/f/c/commission___korva_by_aerenwyn-d8or9d6.jpg,Female,Human,Barbarian,Fighter,,
https://aerenwyn.deviantart.com/,https://aerenwyn.deviantart.com/art/Commission-Cassiea-513116909,https://img00.deviantart.net/8bd4/i/2015/041/5/c/commission___cassiea_by_aerenwyn-d8hhvjh.jpg,Female,Human,,,,
https://aerenwyn.deviantart.com/,https://aerenwyn.deviantart.com/art/Commission-Arya-509960766,https://img00.deviantart.net/174a/i/2015/027/3/a/commission___arya_by_aerenwyn-d8fm88u.jpg,Female,Human,Paladin,Fighter,,
https://aerenwyn.deviantart.com/,https://aerenwyn.deviantart.com/art/Asselyum-Vers-Allusia-509949742,https://img00.deviantart.net/7004/i/2015/027/d/8/asselyum_vers_allusia_by_aerenwyn-d8flzqm.jpg,Female,Human,Princess,,,
https://aerenwyn.deviantart.com/,https://aerenwyn.deviantart.com/art/Commission-Ian-509913492,https://img00.deviantart.net/1859/i/2015/027/3/0/commission___ian_by_aerenwyn-d8fl7ro.jpg,Male,Human,Rogue,Assassin,,
https://aerenwyn.deviantart.com/,https://aerenwyn.deviantart.com/art/Commission-Asthar-504367516,https://img00.deviantart.net/09c1/i/2015/002/c/f/commission___asthar_by_aerenwyn-d8cacgs.jpg,Male,Human,Elf,Rogue,,
https://aerenwyn.deviantart.com/,https://aerenwyn.deviantart.com/art/Commission-Lyssandra-487811262,https://img00.deviantart.net/b1bc/i/2014/284/b/d/commission____lyssandra_by_aerenwyn-d82fhku.jpg,Female,Human,Evil,Knight,,
https://aerenwyn.deviantart.com/,https://aerenwyn.deviantart.com/art/Commission-Seika-485810389,https://img00.deviantart.net/7d4e/i/2014/274/7/8/commission___seika_by_aerenwyn-d818lp1.jpg,Female,Archer,Rogue,Elf,,
https://aerenwyn.deviantart.com/,https://aerenwyn.deviantart.com/art/Character-concept-Witch-480596369,https://img00.deviantart.net/47df/i/2014/249/f/d/character_concept___witch_by_aerenwyn-d7y4uj5.jpg,Female,Witch,,,,
https://aerenwyn.deviantart.com/,https://aerenwyn.deviantart.com/art/Commission-Jen-474279663,https://img00.deviantart.net/3ba6/i/2014/221/2/5/commission___jen_by_aerenwyn-d7udgj3.jpg,Female,Human,Rogue,Assassin,,
https://aerenwyn.deviantart.com/,https://aerenwyn.deviantart.com/art/Commission-Valven-472549175,https://img00.deviantart.net/bce5/i/2014/214/7/1/commission___valven_by_aerenwyn-d7tcd9z.jpg,Male,Mage,Sorceror,Elf,,
https://aerenwyn.deviantart.com/,https://aerenwyn.deviantart.com/art/Commission-Miriam-465068192,https://img00.deviantart.net/b1d5/i/2014/273/b/9/commission___miriam_by_aerenwyn-d7ow0ww.jpg,Female,Paladin,Redhead,Sorceror,,
https://aerenwyn.deviantart.com/,https://aerenwyn.deviantart.com/art/Commission-Abby-463361611,https://img00.deviantart.net/37ea/i/2014/275/9/4/commission___abby_by_aerenwyn-d7nvg3v.jpg,Female,Pyromancer,Fire mage,Human,,
https://aerenwyn.deviantart.com/,https://aerenwyn.deviantart.com/art/Archer-462402481,https://img00.deviantart.net/2af4/i/2014/172/4/a/archer_by_aerenwyn-d7naw1d.jpg,Female,Human,Archer,Ranger,,
https://aerenwyn.deviantart.com/,https://aerenwyn.deviantart.com/art/Character-concept-458944994,https://img00.deviantart.net/34c3/i/2014/157/7/0/character_concept_by_aerenwyn-d7l8s82.jpg,Female,Human,,,,
https://aerenwyn.deviantart.com/,https://aerenwyn.deviantart.com/art/Marsh-457152371,https://img00.deviantart.net/1c52/i/2014/151/9/4/marsh_by_aerenwyn-d7k6d0z.jpg,Landscape,Marsh,Sunset,Bog,,
https://aerenwyn.deviantart.com/,https://aerenwyn.deviantart.com/art/Commission-Rethovel-457146940,https://img00.deviantart.net/49e8/i/2015/096/e/f/commission___rethovel_by_aerenwyn-d7k68u4.jpg,Male,Demon,Knight,Evil,,
https://aerenwyn.deviantart.com/,https://aerenwyn.deviantart.com/art/Commission-Castigar-457146914,https://img00.deviantart.net/1c21/i/2015/096/8/2/commission___castigar_by_aerenwyn-d7k68te.jpg,Male,Human,Paladin,Fighter,,
https://aerenwyn.deviantart.com/,https://aerenwyn.deviantart.com/art/Valley-442887264,https://img00.deviantart.net/9259/i/2014/085/2/9/valley_by_aerenwyn-d7bom00.jpg,Landscape,Valley,Forest,,,
https://aerenwyn.deviantart.com/,https://aerenwyn.deviantart.com/art/Commission-Tarine-Eccelyx-442886743,https://img00.deviantart.net/984b/i/2014/085/7/0/commission___tarine_eccelyx_by_aerenwyn-d7bollj.jpg,Female,Steampunk,Flintlock,Revolver,,
https://aerenwyn.deviantart.com/,https://aerenwyn.deviantart.com/art/Commission-Terah-437224679,https://img00.deviantart.net/842f/i/2014/059/1/7/commission___terah_by_aerenwyn-d78b8pz.jpg,Female,Rogue,Fighter,Barbarian,,
https://aerenwyn.deviantart.com/,https://aerenwyn.deviantart.com/art/Commision-Alivia-Concept-433414103,https://img00.deviantart.net/9780/i/2014/042/1/a/commision___alivia_concept_by_aerenwyn-d761kgn.jpg,Female,Sketch,Redhead,,,
https://aerenwyn.deviantart.com/,https://aerenwyn.deviantart.com/art/Commision-Bridgitte-Concept-433341531,https://img00.deviantart.net/7760/i/2014/042/0/5/commision___bridgitte_concept_by_aerenwyn-d7600gr.jpg,Female,Rogue,Sketch,Assassin,,
https://aerenwyn.deviantart.com/,https://aerenwyn.deviantart.com/art/Red-eyes-429182760,https://img00.deviantart.net/5dfe/i/2014/024/d/1/red_eyes_by_aerenwyn-d73ivjc.jpg,Male,Portrait,,,,
https://aerenwyn.deviantart.com/,https://aerenwyn.deviantart.com/art/Half-elf-portrait-427094529,https://img00.deviantart.net/c4c7/i/2014/015/4/1/half_elf_portrait_by_aerenwyn-d72a48x.jpg,Female,Half elf,Portrait,,,
https://aerenwyn.deviantart.com/,https://aerenwyn.deviantart.com/art/Commission-Aelys-422549107,https://img00.deviantart.net/cb58/i/2013/361/8/0/commission___aelys_by_aerenwyn-d6zkoz7.jpg,Female,Human,Portrait,,,
https://aerenwyn.deviantart.com/,https://aerenwyn.deviantart.com/art/Sorceress-portrait-414623367,https://img00.deviantart.net/76f5/i/2013/345/8/a/sorceress_portrait_by_aerenwyn-d6uutfr.jpg,Female,Human,Magic,Sorceror,,
https://aerenwyn.deviantart.com/,https://aerenwyn.deviantart.com/art/Commission-Alyndra-402352442,https://img00.deviantart.net/8593/i/2013/275/4/2/commission___alyndra_by_aerenwyn-d6njt4q.jpg,Female,Human,Barbarian,,,
https://aerenwyn.deviantart.com/,https://aerenwyn.deviantart.com/art/Commission-Namirah-387573977,https://img00.deviantart.net/1c80/i/2013/216/a/f/commission___namirah_by_aerenwyn-d6er1zt.jpg,Female,Human,,,,
https://aerenwyn.deviantart.com/,https://aerenwyn.deviantart.com/art/Forgotten-tower-377845885,https://img00.deviantart.net/44b2/i/2013/165/5/1/forgotten_tower_by_aerenwyn-d68yjr1.jpg,Landscape,Tower,Forest,,,
https://aerenwyn.deviantart.com/,https://aerenwyn.deviantart.com/art/Character-concept-Rogue-375893105,https://img00.deviantart.net/60e6/i/2013/161/e/d/character_concept___rogue_by_aerenwyn-d67soz5.jpg,Female,Human,Redhead,,,
https://aerenwyn.deviantart.com/,https://aerenwyn.deviantart.com/art/Character-concept-Mage-374679795,https://img00.deviantart.net/21d4/i/2013/149/8/f/character_concept___mage_by_aerenwyn-d672os3.jpg,Human,Male,Mage,Magic,,
https://aerenwyn.deviantart.com/,https://aerenwyn.deviantart.com/art/Fantasy-portrait-374196135,https://pre00.deviantart.net/ae5e/th/pre/i/2013/147/1/0/fantasy_portrait_by_aerenwyn-d66sbl3.jpg,Female,Human,Portrait,,,
https://aerenwyn.deviantart.com/,https://aerenwyn.deviantart.com/art/Spectre-346617229,https://img00.deviantart.net/cb51/i/2013/345/b/3/spectre_by_aerenwyn-d5qd7kd.jpg,Spectre,Ghost,Undead,Portrait,,
https://aerenwyn.deviantart.com/,https://aerenwyn.deviantart.com/art/Color-340309110,https://img00.deviantart.net/120d/i/2012/334/4/e/color_by_aerenwyn-d5mm06u.jpg,Female,Portrait,,,,
https://aerenwyn.deviantart.com/,https://aerenwyn.deviantart.com/art/Loss-340306340,https://img00.deviantart.net/650b/i/2012/334/a/e/loss_by_aerenwyn-d5mly1w.jpg,City,Landscape,Village,Raid,,
https://aerenwyn.deviantart.com/,https://aerenwyn.deviantart.com/art/Fighter-338245712,https://img00.deviantart.net/1b6c/i/2012/322/4/8/fighter_by_aerenwyn-d5lds28.jpg,Female,Fighter,Warrior,Human,,
https://aerenwyn.deviantart.com/,https://aerenwyn.deviantart.com/art/Aurora-328217887,https://orig00.deviantart.net/abf3/f/2012/264/d/d/aurora_by_aerenwyn-d5feujj.jpg,Female,Portrait,,,,
https://aerenwyn.deviantart.com/,https://aerenwyn.deviantart.com/art/Fantasy-armor-design-324858525,https://img00.deviantart.net/0511/i/2012/246/b/d/fantasy_armor_design_by_aerenwyn-d5deufx.jpg,Female,Portrait,Sketch,Armor,,
https://aerenwyn.deviantart.com/,https://aerenwyn.deviantart.com/art/Adameron-324840427,https://orig00.deviantart.net/b6fd/f/2012/246/3/e/adameron_by_aerenwyn-d5degh7.jpg,Male,Portrait,,,,
https://aerenwyn.deviantart.com/,https://aerenwyn.deviantart.com/art/Armor-concept-320462815,https://img00.deviantart.net/9604/i/2012/224/e/3/armor_concept_by_aerenwyn-d5asmov.jpg,Armor,Female,,,,
https://aerenwyn.deviantart.com/,https://aerenwyn.deviantart.com/art/Demon-Eyes-316435834,https://img00.deviantart.net/3261/i/2012/205/5/f/demon_eyes_by_aerenwyn-d58ebga.jpg,Portrait,Sketch,Demon,,,
https://aerenwyn.deviantart.com/,https://aerenwyn.deviantart.com/art/Warrior-316233172,https://img00.deviantart.net/edef/i/2012/204/e/f/warrior_by_aerenwyn-d589z2s.jpg,Female,Warrior,Paladin,,,
https://aerenwyn.deviantart.com/,https://aerenwyn.deviantart.com/art/A-City-308354117,https://img00.deviantart.net/98d3/i/2012/166/d/5/a_city_by_aerenwyn-d53l3k5.jpg,Landscape,City,,,,
https://aerenwyn.deviantart.com/,https://aerenwyn.deviantart.com/art/Environment-practice-306319316,https://img00.deviantart.net/1580/i/2012/156/8/e/environment_practice_by_aerenwyn-d52dhhw.jpg,Landscape,Forest,Valley,Mountains,,
https://aerenwyn.deviantart.com/,https://aerenwyn.deviantart.com/art/In-the-woods-292980281,https://img00.deviantart.net/fc35/i/2012/089/c/2/in_the_woods_by_aerenwyn-d4ufl15.jpg,Female,Dryad,Magic,,,
https://aerenwyn.deviantart.com/,https://aerenwyn.deviantart.com/art/Loghain-284083018,https://img00.deviantart.net/eba7/i/2012/040/8/4/loghain_by_aerenwyn-d4p4vuy.jpg,Male,Portrait,,,,
https://aerenwyn.deviantart.com/,https://aerenwyn.deviantart.com/art/Environment-practice-Skyrim-284079143,https://img00.deviantart.net/561c/i/2012/040/9/a/environment_practice___skyrim_by_aerenwyn-d4p4svb.jpg,Landscape,Mountains,Snow,Winter,,
https://aerenwyn.deviantart.com/,https://aerenwyn.deviantart.com/art/The-Pilgrim-277453061,https://img00.deviantart.net/3167/i/2012/003/d/3/the_pilgrim_by_aerenwyn-d4l6s5h.jpg,Landscape,Mountains,Desert,Wasteland,,
https://aerenwyn.deviantart.com/,https://aerenwyn.deviantart.com/art/Farewell-276692085,https://img00.deviantart.net/77d3/i/2011/364/1/6/farewell_by_aerenwyn-d4kqgz9.jpg,Funeral,Sunset,Beach,Sea,,
https://aerenwyn.deviantart.com/,https://aerenwyn.deviantart.com/art/Farewell-WIP-276253671,https://img00.deviantart.net/82a2/i/2011/362/e/1/farewell___wip_by_aerenwyn-d4kh2p3.jpg,Landscape,Sunset,Beach,Sea,,
https://aerenwyn.deviantart.com/,https://aerenwyn.deviantart.com/art/Concept-Sorceress-275256906,https://img00.deviantart.net/36ea/i/2011/361/8/7/concept___sorceress_by_aerenwyn-d4jvpl6.jpg,Female,Sorceress,Sorceror,Magic,,
https://aerenwyn.deviantart.com/,https://aerenwyn.deviantart.com/art/Power-of-Madness-272992712,https://img00.deviantart.net/4225/i/2011/344/4/8/power_of_madness_by_aerenwyn-d4ij6iw.jpg,Spectre,Shadow,Spirit,Concept,,
https://aerenwyn.deviantart.com/,https://aerenwyn.deviantart.com/art/Character-concept-Priestess-269543332,https://img00.deviantart.net/bf48/i/2014/157/3/4/character__concept___priestess_by_aerenwyn-d4gh8ys.jpg,Female,Barbarian,Priest,Priestess,,
https://aerenwyn.deviantart.com/,https://aerenwyn.deviantart.com/art/Desert-267350143,https://img00.deviantart.net/2df5/i/2011/309/7/3/desert_by_aerenwyn-d4f68ov.jpg,Landscape,Desert,,,,
https://aerenwyn.deviantart.com/,https://aerenwyn.deviantart.com/art/Female-face-266808038,https://img00.deviantart.net/3f48/i/2011/306/7/a/female_face_by_aerenwyn-d4eumee.jpg,Female,Portrait,,,,
https://aerenwyn.deviantart.com/,https://aerenwyn.deviantart.com/art/Concept-Fighter-261182270,https://img00.deviantart.net/aa41/i/2011/274/1/8/concept___fighter_by_aerenwyn-d4bi1j2.jpg,Male,Fighter,Warrior,,,
https://aerenwyn.deviantart.com/,https://aerenwyn.deviantart.com/art/Ghourkin-261095364,https://img00.deviantart.net/1f90/i/2011/274/7/3/ghourkin_by_aerenwyn-d4bg6h0.jpg,Ghourkin,Bestiary,Monster,,,
https://aerenwyn.deviantart.com/,https://aerenwyn.deviantart.com/art/Environment-practice-260105251,https://pre00.deviantart.net/df38/th/pre/i/2011/268/5/0/environment_practice_by_aerenwyn-d4auyhv.jpg,Landscape,Forest,Road,River,,
https://aerenwyn.deviantart.com/,https://aerenwyn.deviantart.com/art/Drow-priestess-255987273,https://img00.deviantart.net/c703/i/2011/243/2/2/drow_priestess_by_aerenwyn-d48ep1l.jpg,Female,Drow,,,,
https://aerenwyn.deviantart.com/,https://aerenwyn.deviantart.com/art/Char-concept-Necromancer-255855625,https://img00.deviantart.net/5673/i/2011/242/e/b/char__concept___necromancer_by_aerenwyn-d48bvgp.jpg,Male,Necromancer,Undead,,,
https://aerenwyn.deviantart.com/,https://aerenwyn.deviantart.com/art/Character-concept-sand-255534587,https://img00.deviantart.net/84b5/i/2014/157/4/f/character_concept___sand_by_aerenwyn-d484zqz.jpg,Female,Concept,Portrait,,,
https://aerenwyn.deviantart.com/,https://aerenwyn.deviantart.com/art/Commission-Tor-Aeducan-244079522,https://img00.deviantart.net/b9e5/i/2011/203/4/7/commission___tor_aeducan_by_aerenwyn-d41bgyq.jpg,Dwarf,Warrior,Fighter,Armor,,
https://aerenwyn.deviantart.com/,https://aerenwyn.deviantart.com/art/Moment-of-peace-239632961,https://img00.deviantart.net/b81d/i/2011/198/5/e/moment_of_peace_by_aerenwyn-d3yo5z5.jpg,Portrait,Sketch,Couple,,,
https://aerenwyn.deviantart.com/,https://aerenwyn.deviantart.com/art/Mjollnir-209811935,https://aerenwyn.deviantart.com/art/Mjollnir-209811935,Male,Elf,Rogue,Assassin,,
https://aerenwyn.deviantart.com/,https://aerenwyn.deviantart.com/art/Ariana-Hawke-commission-208705960,https://img00.deviantart.net/a6f8/i/2011/133/1/7/ariana_hawke___commission_by_aerenwyn-d3g9ajs.jpg,Female,Barbarian,Fighter,Warrior,,
https://aerenwyn.deviantart.com/,https://aerenwyn.deviantart.com/art/Smirking-in-the-Dark-200216646,https://img00.deviantart.net/a9db/i/2011/067/0/5/smirking_in_the_dark_by_aerenwyn-d3b7c5i.jpg,Male,Rogue,,,,
https://aerenwyn.deviantart.com/,https://aerenwyn.deviantart.com/art/Half-elf-196271424,https://pre00.deviantart.net/4b20/th/pre/i/2011/068/6/1/half_elf_by_aerenwyn-d38us00.jpg,Female,Half elf,,,,
https://aerenwyn.deviantart.com/,https://aerenwyn.deviantart.com/art/Nathyrra-Hotu-194486600,https://img00.deviantart.net/2d9c/i/2011/022/2/2/nathyrra_hotu_by_aerenwyn-d37sitk.jpg,Female,Drow,,,,
https://aerenwyn.deviantart.com/,https://aerenwyn.deviantart.com/art/Sorceress-2-190596610,https://img00.deviantart.net/6c44/i/2011/004/d/2/sorceress_2_by_aerenwyn-d35h5aa.jpg,Female,Sorceress,Sorceror,Magic,,
https://aerenwyn.deviantart.com/,https://aerenwyn.deviantart.com/art/Art-trade-Ashni-190014553,https://img00.deviantart.net/0dcf/i/2010/352/e/d/art_trade___ashni_by_aerenwyn-d354o61.jpg,Female,Angel,Elf,,,
https://aerenwyn.deviantart.com/,https://aerenwyn.deviantart.com/art/Grey-Warden-188558205,https://img00.deviantart.net/a9cf/i/2010/339/b/1/grey_warden_by_aerenwyn-d349gfx.jpg,Female,Fighter,Warrior,,,
https://aerenwyn.deviantart.com/,https://aerenwyn.deviantart.com/art/Surrender-187180063,https://img00.deviantart.net/c5f2/i/2010/327/a/9/surrender_by_aerenwyn-d33fx27.jpg,Female,Elf,,,,
https://aerenwyn.deviantart.com/,https://aerenwyn.deviantart.com/art/Sorceress-183296449,https://img00.deviantart.net/2c40/i/2010/293/c/f/sorceress_by_aerenwyn-d314og1.jpg,Female,Sorceress,Sorceror,,,
https://aerenwyn.deviantart.com/,https://aerenwyn.deviantart.com/art/Tis-Morrigan-183231707,https://img00.deviantart.net/4659/i/2010/330/a/6/__tis_morrigan_by_aerenwyn-d313ahn.jpg,Female,Witch,,,,
https://aerenwyn.deviantart.com/,https://aerenwyn.deviantart.com/art/Aarin-Gend-171025037,https://img00.deviantart.net/35d3/i/2010/193/1/3/aarin_gend_by_aerenwyn.jpg,Male,Human,Portrait,,,
https://aerenwyn.deviantart.com/,https://aerenwyn.deviantart.com/art/Cleric-of-Lathander-170638254,https://pre00.deviantart.net/c14d/th/pre/i/2010/190/e/d/cleric_of_lathander_by_aerenwyn.jpg,Female,Cleric,,,,
https://aerenwyn.deviantart.com/,https://aerenwyn.deviantart.com/art/Portrait-nwn-170637193,https://img00.deviantart.net/2cd5/i/2011/021/6/6/portrait_nwn_by_aerenwyn-d2tlci1.jpg,Female,Portrait,,,,
https://aerenwyn.deviantart.com/,https://aerenwyn.deviantart.com/art/Fallen-Paladin-165481853,https://img00.deviantart.net/d8d1/i/2011/127/b/4/fallen_paladin_by_aerenwyn-d2qium5.jpg,Female,Paladin,Knight,Evil,,
https://aerenwyn.deviantart.com/,https://aerenwyn.deviantart.com/art/Nymph-164227174,https://img00.deviantart.net/a99d/i/2010/136/b/3/nymph_by_aerenwyn.jpg,Nymph,Female,,,,
https://aerenwyn.deviantart.com/,https://aerenwyn.deviantart.com/art/The-Witch-of-the-Wilds-162173517,https://pre00.deviantart.net/c68f/th/pre/i/2010/117/8/1/the_witch_of_the_wilds_by_aerenwyn.jpg,Female,Witch,,,,
https://aerenwyn.deviantart.com/,https://aerenwyn.deviantart.com/art/Moondance-153592455,https://orig00.deviantart.net/3048/f/2010/041/1/e/moondance_by_aerenwyn.jpg,Spirits,Female,Ghosts,,,
https://alayna.deviantart.com/,https://alayna.deviantart.com/art/Magic-The-Gathering-card-Dragonskull-Summit-701641507,https://pre00.deviantart.net/d482/th/pre/i/2017/241/0/b/magic__the_gathering_card__dragonskull_summit_by_alayna-dblqm1v.jpg,dragonskull,mountains,landscape,,,
https://alayna.deviantart.com/,https://alayna.deviantart.com/art/Magic-the-Gathering-Path-of-Ancestry-701421443,https://pre00.deviantart.net/55a0/th/pre/f/2017/240/b/d/magic_the_gathering__path_of_ancestry_by_alayna-dbllw8z.jpg,path,stairs,pillars,landscape,,
https://alayna.deviantart.com/,https://alayna.deviantart.com/art/Edge-of-Darkness-cover-698571683,https://pre00.deviantart.net/f690/th/pre/i/2017/225/f/6/edge_of_darkness_cover_by_alayna-dbjwtcz.jpg,city,village,fortress,landscape,valley,
https://alayna.deviantart.com/,https://alayna.deviantart.com/art/Wind-Vale-698177442,https://pre00.deviantart.net/d61e/th/pre/f/2017/223/e/e/wind_vale_by_alayna-dbjod5u.jpg,castle,village,mountains,landscape,,
https://alayna.deviantart.com/,https://alayna.deviantart.com/art/Edge-of-Darkness-Game-Board-697803139,https://pre00.deviantart.net/7612/th/pre/i/2017/221/7/2/edge_of_darkness__game_board_by_alayna-dbjgccj.jpg,city,village,bridge,landscape,river,
https://alayna.deviantart.com/,https://alayna.deviantart.com/art/Deephollow-Border-Town-697183868,https://pre00.deviantart.net/b429/th/pre/f/2017/218/3/7/deephollow_border_town_by_alayna-dbj32ik.jpg,castle,fortress,mountains,landscape,,
https://alayna.deviantart.com/,https://alayna.deviantart.com/art/Edge-of-Darkness-City-Watch-696820302,https://pre00.deviantart.net/e8e1/th/pre/i/2017/216/2/7/edge_of_darkness__city_watch_by_alayna-dbiv9zi.jpg,castle,tower,fortress,landscape,,
https://alayna.deviantart.com/,https://alayna.deviantart.com/art/L5R-Mountain-s-Anvil-Castle-Dragon-Stronghold-689264817,https://pre00.deviantart.net/c051/th/pre/f/2017/179/3/1/l5r__mountain_s_anvil_castle___dragon_stronghold_by_alayna-dbedc4x.jpg,castle,mountains,fortress,landscape,pagodas,
https://alayna.deviantart.com/,https://alayna.deviantart.com/art/Noka-City-Of-Fire-685516361,https://pre00.deviantart.net/a2a0/th/pre/f/2017/162/7/8/noka__city_of_fire_by_alayna-dbc4zt5.jpg,castle,city,dragons,landscape,lava,mountains
https://alayna.deviantart.com/,https://alayna.deviantart.com/art/Elixir-of-Life-656317713,https://pre00.deviantart.net/88bd/th/pre/f/2017/008/6/c/elixir_of_life_by_alayna-daur5zl.jpg,elf,woods,druid,,,
https://alayna.deviantart.com/,https://alayna.deviantart.com/art/St-Levin-635079989,https://pre00.deviantart.net/2c86/th/pre/i/2016/262/3/d/st__levin_by_alayna-dai3yut.jpg,city,landscape,,,,
https://alayna.deviantart.com/,https://alayna.deviantart.com/art/Mystic-Vale-Vale-of-Magic-cover-630122587,https://pre00.deviantart.net/8519/th/pre/f/2016/236/4/1/mystic_vale__vale_of_magic_cover_by_alayna-daf5pp7.jpg,elf,druid,woods,,,
https://alayna.deviantart.com/,https://alayna.deviantart.com/art/Atlantis-624518882,https://pre00.deviantart.net/70d8/th/pre/i/2016/210/f/2/atlantis_by_alayna-dabtluq.jpg,castle,citadel,mountains,landscape,seaside,ocean
https://alayna.deviantart.com/,https://alayna.deviantart.com/art/Rainaya-619238519,https://pre00.deviantart.net/0a99/th/pre/f/2016/204/b/d/rainaya_by_alayna-da8ofhz.jpg,city,mountains,ships,landscape,river,harbour
https://alayna.deviantart.com/,https://alayna.deviantart.com/art/Vast-607884956,https://pre00.deviantart.net/7b3b/th/pre/i/2016/129/4/b/vast_by_alayna-da1x318.jpg,castle,mountains,snow,landscape,,
https://alayna.deviantart.com/,https://alayna.deviantart.com/art/Artificer-s-Retreat-598055063,https://pre00.deviantart.net/928e/th/pre/f/2016/195/9/f/artificer_s_retreat_by_alayna-d9w2e8n.jpg,castle,valley,griffon,landscape,,
https://alayna.deviantart.com/,https://alayna.deviantart.com/art/Tower-of-Babel-589035561,https://pre00.deviantart.net/6fcc/th/pre/f/2016/041/c/c/tower_of_babel_by_alayna-d9qp2qx.jpg,castle,tower,dragons,sunset,valley,landscape
https://alayna.deviantart.com/,https://alayna.deviantart.com/art/Crown-Oasis-566835692,https://pre00.deviantart.net/da8c/th/pre/f/2015/290/3/a/crown_oasis_by_alayna-d9dh97w.jpg,mountains,waterfall,oasis,landscape,,
https://alayna.deviantart.com/,https://alayna.deviantart.com/art/Elfenroads-Cover-551915610,https://pre00.deviantart.net/eb36/th/pre/f/2015/219/7/7/elfenroads_cover_by_alayna-d94lgt6.jpg,elf,dragon,unicorn,castle,,
https://alayna.deviantart.com/,https://alayna.deviantart.com/art/Mianu-One-with-Nature-545209597,https://orig00.deviantart.net/8141/f/2015/190/e/2/mianu__one_with_nature_by_alayna-d90lqf1.jpg,city,nature,landscape,,,
https://alayna.deviantart.com/,https://alayna.deviantart.com/art/L5R-Padis-Dojo-542953321,https://img00.deviantart.net/6266/i/2015/180/b/1/l5r__padis_dojo_by_alayna-d8z9dgp.jpg,dojo,ricepaddy,riceterrace,landscape,,
https://alayna.deviantart.com/,https://alayna.deviantart.com/art/Dominion-Adventures-Fighter-530335253,https://pre00.deviantart.net/a4e4/th/pre/f/2016/067/5/4/dominion_adventures__fighter_by_alayna-d8rqxat.jpg,female,fighter,warrior,sword,,
https://alayna.deviantart.com/,https://alayna.deviantart.com/art/Dominion-Adventures-Hero-523645417,https://pre00.deviantart.net/5155/th/pre/f/2015/121/8/a/dominion_adventures__hero_by_alayna-d8nrje1.jpg,female,fighter,warrior,sword,shield,
https://alayna.deviantart.com/,https://alayna.deviantart.com/art/Temporum-Board-Illustration-497745637,https://pre00.deviantart.net/96d3/th/pre/f/2014/335/f/9/temporum_board_illustration_by_alayna-d88cezp.jpg,city,future,past,landscape,,
https://alayna.deviantart.com/,https://alayna.deviantart.com/art/Fortified-Monastery-of-the-Dragon-495109980,https://pre00.deviantart.net/af1a/th/pre/f/2014/321/1/1/fortified_monastery_of_the_dragon_by_alayna-d86rxb0.jpg,stonghold,pagodas,landscape,monastery,mountains,
https://alayna.deviantart.com/,https://alayna.deviantart.com/art/The-Unassailable-Fortress-of-the-Crab-493842497,https://pre00.deviantart.net/772b/th/pre/f/2014/314/6/7/the_unassailable_fortress_of_the_crab_by_alayna-d860rb5.jpg,stonghold,castle,pagodas,landscape,,
https://alayna.deviantart.com/,https://alayna.deviantart.com/art/The-Grand-Halls-of-Lion-489625524,https://pre00.deviantart.net/a04b/th/pre/f/2014/294/7/7/the_grand_halls_of_lion_by_alayna-d83idh0.jpg,city,lions,statues,landscape,,
https://alayna.deviantart.com/,https://alayna.deviantart.com/art/The-Shadowed-Estate-of-the-Scorpion-488946916,https://pre00.deviantart.net/4017/th/pre/f/2014/289/1/3/the_shadowed_estate_of_the_scorpion_by_alayna-d833tus.jpg,village,moutains,pagodas,landscape,,
https://alayna.deviantart.com/,https://alayna.deviantart.com/art/The-Golden-Plains-of-the-Unicorn-Ivory-2-488588633,https://pre00.deviantart.net/607e/th/pre/f/2014/288/d/f/the_golden_plains_of_the_unicorn_ivory_2_by_alayna-d82w5eh.jpg,valley,mountains,tents,landscape,,
https://alayna.deviantart.com/,https://alayna.deviantart.com/art/Exquisite-Palace-of-the-Crane-v2-479035115,https://pre00.deviantart.net/13c5/th/pre/f/2014/241/6/3/exquisite_palace_of_the_crane_v2_by_alayna-d7x7duz.jpg,palace,stronghold,cherry tree,pagoda,crane,ocean
https://alayna.deviantart.com/,https://alayna.deviantart.com/art/The-Eyes-of-Midgard-473348569,https://pre00.deviantart.net/f9ff/th/pre/f/2014/218/0/5/the_eyes_of_midgard_by_alayna-d7tti3d.jpg,warrior,eagles,male,human,,
https://alayna.deviantart.com/,https://alayna.deviantart.com/art/Magic-City-of-Vane-465842474,https://alayna.deviantart.com/art/Magic-City-of-Vane-465842474,city,sunset,landscape,,,
https://alayna.deviantart.com/,https://alayna.deviantart.com/art/The-Fruitful-Port-of-the-Mantis-419597030,https://img00.deviantart.net/d304/i/2013/347/f/3/the_fruitful_port_of_the_mantis_by_alayna-d6xtf52.jpg,harbour,ships,landscape,ocean,,
https://alayna.deviantart.com/,https://alayna.deviantart.com/art/The-Golden-Plains-of-the-Unicorn-419594023,https://img00.deviantart.net/f41a/i/2013/347/0/d/the_golden_plains_of_the_unicorn_by_alayna-d6xtctj.jpg,dojo,valley,unicorns,mountains,,
https://alayna.deviantart.com/,https://alayna.deviantart.com/art/The-Exquisite-Palace-of-the-Crane-417942094,https://img00.deviantart.net/e59b/i/2013/339/d/0/the_exquisite_palace_of_the_crane_by_alayna-d6wty6m.jpg,palace,cherrytree,pagoda,landscape,,
https://alayna.deviantart.com/,https://alayna.deviantart.com/art/The-Honorable-Garrison-of-the-Lion-417742209,https://pre00.deviantart.net/6bfe/th/pre/f/2013/338/0/8/the_honorable_garrison_of_the_lion_by_alayna-d6wpny9.jpg,garrison,canyon,mountains,,,
https://alayna.deviantart.com/,https://alayna.deviantart.com/art/The-Remote-Monastery-of-the-Dragon-417369942,https://pre00.deviantart.net/e042/th/pre/i/2013/336/1/8/the_remote_monastery_of_the_dragon_by_alayna-d6whopi.jpg,monastey,mountains,remote,landscape,,
https://alayna.deviantart.com/,https://alayna.deviantart.com/art/Shosuro-Takazaki-L5R-Scorpion-Clan-Courtier-415479966,https://pre00.deviantart.net/3c3b/th/pre/f/2013/327/1/8/shosuro_takazaki__l5r_scorpion_clan_courtier_by_alayna-d6vd6e6.jpg,female,japanese,knives,mask,,
https://alayna.deviantart.com/,https://alayna.deviantart.com/art/L5R-Jade-Pearl-Inn-408866491,https://orig00.deviantart.net/2a9e/f/2013/295/5/7/l5r__jade_pearl_inn_by_alayna-d6rffej.jpg,city,inn,landscape,Japan,,
https://alayna.deviantart.com/,https://alayna.deviantart.com/art/Flying-high-391102138,https://pre00.deviantart.net/2cf6/th/pre/f/2013/293/2/6/flying_high_by_alayna-d6guoca.jpg,female,elf,pirate,treasure,,
https://alayna.deviantart.com/,https://alayna.deviantart.com/art/L5R-Kitsune-Yuko-386350382,https://pre00.deviantart.net/0e3e/th/pre/f/2013/199/d/a/l5r__kitsune_yuko_by_alayna-d6e0tv2.jpg,female,japanese,nature,deer,flute,
https://alayna.deviantart.com/,https://alayna.deviantart.com/art/Light-City-382782332,https://orig00.deviantart.net/4541/f/2013/185/1/f/light_city_by_alayna-d6bwcqk.jpg,city,lights,skyscrapers,landscape,,
https://alayna.deviantart.com/,https://alayna.deviantart.com/art/Samael-Angel-of-Death-371554338,https://pre00.deviantart.net/8d75/th/pre/f/2013/141/9/1/samael__angel_of_death_by_alayna-d657p5u.jpg,female,evil,,,,
https://alayna.deviantart.com/,https://alayna.deviantart.com/art/L5R-Suzume-Shindo-370783571,https://img00.deviantart.net/8de2/i/2013/130/a/b/l5r__suzume_shindo_by_alayna-d64r6fn.jpg,female,warrior,fighter,japanese,katana,
https://alayna.deviantart.com/,https://alayna.deviantart.com/art/Oncoming-Storm-369566037,https://pre00.deviantart.net/897a/th/pre/f/2013/151/4/0/oncoming_storm_by_alayna-d6412z9.jpg,castle,mountains,valley,lake,sunset,
https://alayna.deviantart.com/,https://alayna.deviantart.com/art/Parallel-Kingdom-Age-of-Ascension-splash-screen-353908784,https://pre00.deviantart.net/9317/th/pre/f/2013/043/5/f/parallel_kingdom__age_of_ascension_splash_screen_by_alayna-d5uphrk.jpg,citadel,floating city,valley,landscape,hills,
https://alayna.deviantart.com/,https://alayna.deviantart.com/art/Yggdrasil-Tree-of-Life-353630661,https://pre00.deviantart.net/2122/th/pre/f/2013/041/3/a/yggdrasil__tree_of_life_by_alayna-d5ujj5x.jpg,tree,life,nature,dragons,landscape,
https://alayna.deviantart.com/,https://alayna.deviantart.com/art/L5R-Daidoji-Marketplace-351264588,https://pre00.deviantart.net/016e/th/pre/f/2013/029/0/f/l5r__daidoji_marketplace_by_alayna-d5t4tho.jpg,city,market,,,,
https://alayna.deviantart.com/,https://alayna.deviantart.com/art/Jade-Champion-Asahina-Nanae-Experienced-350265122,https://img00.deviantart.net/a64f/i/2013/024/9/9/jade_champion__asahina_nanae_experienced_by_alayna-d5sjeaq.jpg,female,,,,,
https://alayna.deviantart.com/,https://alayna.deviantart.com/art/Dame-Natalie-322777200,https://img00.deviantart.net/fa4c/i/2012/235/0/6/dame_natalie_by_alayna-d5c68hc.jpg,female,fighter,warrior,armour,,
https://alayna.deviantart.com/,https://alayna.deviantart.com/art/Mercy-315697696,https://pre00.deviantart.net/7850/th/pre/i/2013/031/1/5/mercy_by_alayna-d57yhwg.jpg,female,angel,,,,
https://alayna.deviantart.com/,https://alayna.deviantart.com/art/The-Finale-310737830,https://img00.deviantart.net/909e/i/2012/201/0/8/the_finale_by_alayna-d5506ue.jpg,female,angel,warrior,dragons,swords,
https://alayna.deviantart.com/,https://alayna.deviantart.com/art/The-Next-Avatar-297930647,https://pre00.deviantart.net/c1b5/th/pre/f/2012/113/8/3/the_youngest_avatar_by_alayna-d4xdorb.jpg,female,sorceress,fire,water,,
https://alayna.deviantart.com/,https://alayna.deviantart.com/art/L5R-Forgotten-Outpost-293643185,https://orig00.deviantart.net/0eff/f/2012/092/3/a/l5r__forgotten_outpost_by_alayna-d4utsj5.jpg,castle,abandoned,woods,landscape,,
https://alayna.deviantart.com/,https://alayna.deviantart.com/art/Viking-assault-on-the-Twin-Cities-GP-Minneapolis-288024146,https://pre00.deviantart.net/6f2b/th/pre/f/2012/061/2/0/viking_assault_on_the_twin_cities__gp_minneapolis_by_alayna-d4rhcuq.jpg,warrior,viking,assault,tower,,
https://alayna.deviantart.com/,https://alayna.deviantart.com/art/L5R-Kakita-Seishi-277067834,https://pre00.deviantart.net/9334/th/pre/f/2012/001/d/0/l5r__kakita_seishi_by_alayna-d4kyiwq.jpg,female,lute,bard,japanese,nature,
https://alayna.deviantart.com/,https://alayna.deviantart.com/art/Hemera-Greek-Goddess-of-Day-270718128,https://pre00.deviantart.net/ed41/th/pre/f/2011/328/3/3/hemera__herald_of_the_dawn_by_alayna-d4h6fg0.jpg,female,,,,,
https://alayna.deviantart.com/,https://alayna.deviantart.com/art/Parallel-Kingdom-Oiyoi-Master-260499143,https://img00.deviantart.net/d772/i/2011/270/6/e/parallel_kingdom__oiyoi_master_by_alayna-d4b3efb.jpg,male,monk,waterfall,mountains,,
https://alayna.deviantart.com/,https://alayna.deviantart.com/art/Parallel-Kingdom-Ranger-260492156,https://img00.deviantart.net/93c7/i/2011/270/b/2/parallel_kingdom__ranger_by_alayna-d4b3918.jpg,male,ranger,woods,,,
https://alayna.deviantart.com/,https://alayna.deviantart.com/art/Secret-Valley-245692785,https://img00.deviantart.net/4188/i/2011/212/5/7/secret_valley_by_alayna-d42a1rl.jpg,valley,city,dragons,landscape,,
https://alayna.deviantart.com/,https://alayna.deviantart.com/art/Earth-Light-245305209,https://pre00.deviantart.net/7e0a/th/pre/f/2011/244/6/0/earth_light_by_alayna-d421qpl.jpg,female,druid,nature,valley,,
https://alayna.deviantart.com/,https://alayna.deviantart.com/art/Search-for-the-Gods-208626553,https://orig00.deviantart.net/6ba8/f/2011/133/6/7/search_for_the_gods_by_alayna-d3g7la1.jpg,ruins,knight,rider,mosnter,,
https://alayna.deviantart.com/,https://alayna.deviantart.com/art/Witch-Druid-206294892,https://pre00.deviantart.net/3b5c/th/pre/f/2011/115/f/5/witch_druid_by_alayna-d3etm5o.jpg,female,druid,giant hawk,,,
https://alayna.deviantart.com/,https://alayna.deviantart.com/art/Dominion-Cornucopia-Cover-199681777,https://pre00.deviantart.net/cfac/th/pre/f/2011/063/6/9/dominion__cornucopia_by_alayna-d3avvg1.jpg,female,farmer,castle,,,
https://alayna.deviantart.com/,https://alayna.deviantart.com/art/Chun-Li-198449128,https://img00.deviantart.net/fba9/i/2011/053/8/6/chun_li_by_alayna-d3a5gbs.jpg,female,monk,,,,
https://alayna.deviantart.com/,https://alayna.deviantart.com/art/Slayer-197781599,https://img00.deviantart.net/f50b/i/2011/115/7/5/slayer_by_alayna-d39r59b.jpg,female,elf,slayer,,,
https://alayna.deviantart.com/,https://alayna.deviantart.com/art/Blue-Mage-172577717,https://pre00.deviantart.net/ad87/th/pre/f/2010/206/e/5/blue_mage_by_alayna.jpg,human,mage,,,,
https://alayna.deviantart.com/,https://alayna.deviantart.com/art/Nyx-Greek-Goddess-of-Night-170586832,https://img00.deviantart.net/aa46/i/2010/193/0/1/nyx__greek_goddess_of_night_by_alayna.jpg,female,sorceress,,,,
https://alayna.deviantart.com/,https://alayna.deviantart.com/art/Valhalla-Awaits-158799332,https://img00.deviantart.net/b18f/i/2010/088/d/2/valhalla_awaits_by_alayna.jpg,female,warrior,,,,
https://alayna.deviantart.com/,https://alayna.deviantart.com/art/Greek-goddess-Athena-119681522,https://orig00.deviantart.net/d5f6/f/2010/153/7/5/greek_goddess__athena_by_alayna.jpg,female,amazon,,,,
https://alayna.deviantart.com/,https://alayna.deviantart.com/art/Storm-Bringer-116398082,https://pre00.deviantart.net/abca/th/pre/f/2009/192/f/6/storm_bringer_by_alayna.jpg,female,druid,,,,
https://alayna.deviantart.com/,https://alayna.deviantart.com/art/The-fight-94546181,https://img00.deviantart.net/1378/i/2009/209/8/f/the_fight_by_alayna.jpg,male,scifi,,,,
https://alayna.deviantart.com/,https://alayna.deviantart.com/art/Savior-67650236,https://img00.deviantart.net/3484/i/2007/295/4/6/savior_by_alayna.jpg,male,scifi,magic,,,